method,type,target,f1_macro_mean,f1_macro_std,balanced_accuracy_mean,balanced_accuracy_std,cohen_kappa_mean,cohen_kappa_std
CNN_LSTM,model,som_binary,0.5258719715956558,0.15513241268904704,0.6329365079365079,0.18213305872135654,0.15953654188948307,0.2563719254582675
majority_class,baseline,som_binary,0.5346362229102167,0.2114592245288203,0.5833333333333334,0.18633899812498245,,
stratified_random,baseline,som_binary,0.63276000458663,0.22370275635097042,0.6986111111111111,0.22930691555780375,0.2929331876700298,0.43698286476403886
persistence,baseline,som_binary,0.5861111111111111,0.19651673506471104,0.5853174603174603,0.19646865071309963,,
