method,type,target,f1_macro_mean,f1_macro_std,balanced_accuracy_mean,balanced_accuracy_std,cohen_kappa_mean,cohen_kappa_std
XGBoost,model,binary,0.6305734142118581,0.1875359036646996,0.6292929292929293,0.18858976297087768,0.2726851851851852,0.3661346331828118
majority_class,baseline,binary,0.4577451533973273,0.02226781811951005,0.5,0.0,0.0,0.0
stratified_random,baseline,binary,0.4638528138528139,0.10749297815876926,0.45639730639730636,0.09864299943830501,-0.045508658008658,0.21445785561340125
persistence,baseline,binary,0.526882863724969,0.07556025841733827,0.530050505050505,0.08032460058011238,0.056397306397306335,0.15441023844986657
