model,target,class_label,precision_mean,precision_std,recall_mean,recall_std,f1_mean,f1_std,support_total
XGBoost,binary,0,0.8824074074074074,0.07456434972328976,0.8974747474747474,0.08338433293011045,0.888924606201494,0.07369478470964942,61
XGBoost,binary,1,0.38888888888888884,0.3424674446093876,0.3611111111111111,0.33907098932593616,0.37222222222222223,0.3390709893259362,11
