model,target,class_label,precision_mean,precision_std,recall_mean,recall_std,f1_mean,f1_std,support_total
GRU,som_binary,0,0.7166666666666667,0.3435921354681384,0.8333333333333334,0.37267799624996495,0.7653508771929824,0.3512949815332935,50
GRU,som_binary,1,0.049999999999999996,0.11180339887498948,0.16666666666666666,0.37267799624996495,0.07692307692307693,0.17200522903844537,10
