model,target,class_label,precision_mean,precision_std,recall_mean,recall_std,f1_mean,f1_std,support_total
GRU,som_binary,0,0.8660714285714285,0.10995805477328074,0.8373015873015873,0.10181748887791436,0.8473227752639517,0.09173740083864307,50
GRU,som_binary,1,0.27777777777777773,0.28327886186626583,0.3055555555555555,0.36535962327683075,0.273015873015873,0.2839451399999733,10
